Insert into Users Values(
	1,'099013602'
);
Insert into Users Values(
	2,'099013603'
);
Insert into Users Values(
	3,'099013604'
);
Insert into Users Values(
	4,'099013605'
);
Insert into Users Values(
	5,'091345678'
);
Insert into Users Values(
	6,'077013603'
);
Insert into Users Values(
	7,'099012604'
);
Insert into Users Values(
	8,'094701365'
);Insert into Users Values(
	9,'077013645'
);
Insert into Users Values(
	10,'099013333'
);
Insert into Users Values(
	11,'077777777'
);
Insert into Users Values(
	12,'091111111'
);
Insert into Users Values(
	13,'099786534'
);
Insert into Users Values(
	14,'087023477'
);
Insert into Users Values(
	15,'099112233'
);
Insert into Users Values(
	16,'099312343'
);

Insert into Users Values(
	17,'099589265'
);
Insert into Users Values(
	18,'094781365'
);Insert into Users Values(
	19,'042013645'
);
Insert into Users Values(
	20,'099301333'
);
Insert into Users Values(
	21,'077777333'
);
Insert into Users Values(
	22,'091111121'
);

Insert into Users Values(
	23,'096013600'
);
Insert into Users Values(
	24,'099013609'
);
Insert into Users Values(
	25,'091454444'
);
Insert into Users Values(
	26,'074559900'
);
Insert into Users Values(
	27,'094300003'
);
Insert into Users Values(
	28,'094999999'
);Insert into Users Values(
	29,'096567777'
);
Insert into Users Values(
	30,'099013399'
);
Insert into Users Values(
	31,'077888999'
);
Insert into Users Values(
	32,'091999999'
);
Insert into Users Values(
	33,'099786539'
);
Insert into Users Values(
	34,'087023479'
);
Insert into Users Values(
	35,'099112236'
);
Insert into Users Values(
	36,'099312342'
);

Insert into Users Values(
	37,'012345677'
);
Insert into Users Values(
	38,'034678954'
);Insert into Users Values(
	39,'067890345'
);
Insert into Users Values(
	40,'099222333'
);

--------------------------------------------------

INSERT INTO warehouse VALUES (1, 'Sayat Nova Ave');
INSERT INTO warehouse VALUES (2, 'Hr.Kochar St');
INSERT INTO warehouse VALUES (3, 'M.Khorenatsi St');
INSERT INTO warehouse VALUES (4, 'Argishti St');
INSERT INTO warehouse VALUES (5, 'Mashtots Ave');
INSERT INTO warehouse VALUES (6, 'Saryan St');
INSERT INTO warehouse VALUES (7, 'NarDos St');
INSERT INTO warehouse VALUES (8, 'V.Papazyan St');
INSERT INTO warehouse VALUES (9, 'Aghbyur Serob St');
INSERT INTO warehouse VALUES (10, 'Pushkin St');

--------------------------------------------------

INSERT INTO branches VALUES (1, 1, 120, 'Sayat Nova Ave', 1400);
INSERT INTO branches VALUES (2, 5, 330, 'Hr.Kochar St', 2900);
INSERT INTO branches VALUES (3, 3, 180, 'M.Khorenatsi St', 3650);
INSERT INTO branches VALUES (4, 2, 370, 'Argishti St', 3950);
INSERT INTO branches VALUES (5, 4, 230, 'Mashtots Ave', 3350);
INSERT INTO branches VALUES (6, 8, 360, 'Saryan St', 2150);
INSERT INTO branches VALUES (7, 7, 340, 'NarDos St', 500);
INSERT INTO branches VALUES (8, 6, 400, 'V.Papazyan St', 2600);
INSERT INTO branches VALUES (9, 8, 420, 'Aghbyur Serob St', 1700);
INSERT INTO branches VALUES (10, 9, 300, 'Pushkin St', 4250);
INSERT INTO branches VALUES (11, 7, 470, 'Hakobyan St', 4400);
INSERT INTO branches VALUES (12, 2, 270, 'Paronyan St', 800);
INSERT INTO branches VALUES (13, 6, 100, 'Baghramyan av(Arabkir)', 2750);
INSERT INTO branches VALUES (14, 1, 170, 'Sayat Nova Ave', 1850);
INSERT INTO branches VALUES (15, 3, 260, 'V.Vagharshyan St', 2300);
INSERT INTO branches VALUES (16, 5, 200, 'Komitas Ave', 1550);
INSERT INTO branches VALUES (17, 8, 350, 'A. Khachatrian St', 4550);
INSERT INTO branches VALUES (18, 3, 390, 'A. Babajanyan St', 3200);
INSERT INTO branches VALUES (19, 3, 250, 'Saryan St', 1100);
INSERT INTO branches VALUES (20, 10, 150, 'Komitas Ave', 3800);
INSERT INTO branches VALUES (21, 3, 410, 'Khaghagh Don St', 2450);
INSERT INTO branches VALUES (22, 8, 380, 'Pushkin St', 650);
INSERT INTO branches VALUES (23, 10, 130, 'Tsitsernakaberd Highway', 4850);
INSERT INTO branches VALUES (24, 1, 110, 'Komitas Ave', 4100);
INSERT INTO branches VALUES (25, 7, 460, 'Koryun St', 2000);

--------------------------------------------------

INSERT INTO suppliers VALUES (1, 'Armen', '074546317');
INSERT INTO suppliers VALUES (2, 'Artash', '025547737');
INSERT INTO suppliers VALUES (3, 'Bagrat', '099312324');
INSERT INTO suppliers VALUES (4, 'Susan', '093393553');
INSERT INTO suppliers VALUES (5, 'James', '022665919');
INSERT INTO suppliers VALUES (6, 'Karine', '093187333');
INSERT INTO suppliers VALUES (7, 'Marinae', '036129829');
INSERT INTO suppliers VALUES (8, 'Narine', '038916769');
INSERT INTO suppliers VALUES (9, 'Hayk', '039897659');
INSERT INTO suppliers VALUES (10, 'Karo', '054367191');
INSERT INTO suppliers VALUES (11, 'Narek', '043469915');
INSERT INTO suppliers VALUES (12, 'Tigran', '069539217');

--------------------------------------------------

INSERT INTO ingredients VALUES (1, 'milk', 2, 300, 100);
INSERT INTO ingredients VALUES (2, 'egg', 1, 20, 500);
INSERT INTO ingredients VALUES (3, 'vanilla', 1, 100, 20);
INSERT INTO ingredients VALUES (4, 'butter', 3, 500, 50);
INSERT INTO ingredients VALUES (5, 'banana', 1, 90, 100);
INSERT INTO ingredients VALUES (6, 'cream', 3, 50, 30);
INSERT INTO ingredients VALUES (7, 'chocolate', 2, 200, 110);
INSERT INTO ingredients VALUES (8, 'bread', 2, 200, 100);
INSERT INTO ingredients VALUES (9, 'mustard', 2, 150, 5);
INSERT INTO ingredients VALUES (10, 'cheese', 9, 500, 20);
INSERT INTO ingredients VALUES (11, 'bacon', 13, 1000, 8);
INSERT INTO ingredients VALUES (12, 'flour', 5, 1000, 20);
INSERT INTO ingredients VALUES (13, 'pineapple', 6, 700, 10);
INSERT INTO ingredients VALUES (14, 'dried fruit', 3, 500, 19);
INSERT INTO ingredients VALUES (15, 'sugar', 4, 1000, 9);
INSERT INTO ingredients VALUES (16, 'soda', 2, 1000, 4);
INSERT INTO ingredients VALUES (17, 'zuccini', 2, 150, 10);
INSERT INTO ingredients VALUES (18, 'coffee', 10, 500, 20);
INSERT INTO ingredients VALUES (19, 'water', 1, 5000, 300);

--------------------------------------------------

INSERT INTO menu_items VALUES (1, 'Banoffee french toast', 7);
INSERT INTO menu_items VALUES (2, 'Cheesy maple bacon jaffle', 6);
INSERT INTO menu_items VALUES (3, 'Classic cheese soufflé', 4);
INSERT INTO menu_items VALUES (4, 'Pineapple boiled fruit cake', 4);
INSERT INTO menu_items VALUES (5, 'Zucchini slice muffins', 3);
INSERT INTO menu_items VALUES (6, 'Pour-Over Coffee', 2);
INSERT INTO menu_items VALUES (7, 'The Perfect Cappuccino', 2);
INSERT INTO menu_items VALUES (8, 'Croissants', 4);

--------------------------------------------------

INSERT INTO menu_consists_ingredients VALUES (1, 1, 125, true);
INSERT INTO menu_consists_ingredients VALUES (2, 1, 40, true);
INSERT INTO menu_consists_ingredients VALUES (3, 1, 8, false);
INSERT INTO menu_consists_ingredients VALUES (4, 1, 40, false);
INSERT INTO menu_consists_ingredients VALUES (5, 1, 2, true);
INSERT INTO menu_consists_ingredients VALUES (6, 1, 125, false);
INSERT INTO menu_consists_ingredients VALUES (7, 2, 50, true);
INSERT INTO menu_consists_ingredients VALUES (4, 2, 30, false);
INSERT INTO menu_consists_ingredients VALUES (9, 2, 10, true);
INSERT INTO menu_consists_ingredients VALUES (10, 2, 60, true);
INSERT INTO menu_consists_ingredients VALUES (11, 2, 100, true);
INSERT INTO menu_consists_ingredients VALUES (4, 3, 60, false);
INSERT INTO menu_consists_ingredients VALUES (8, 3, 15, false);
INSERT INTO menu_consists_ingredients VALUES (12, 3, 40, false);
INSERT INTO menu_consists_ingredients VALUES (1, 3, 250, true);
INSERT INTO menu_consists_ingredients VALUES (10, 3, 120, true);
INSERT INTO menu_consists_ingredients VALUES (13, 4, 440, true);
INSERT INTO menu_consists_ingredients VALUES (14, 4, 500, true);
INSERT INTO menu_consists_ingredients VALUES (15, 4, 200, false);
INSERT INTO menu_consists_ingredients VALUES (4, 4, 125, false);
INSERT INTO menu_consists_ingredients VALUES (2, 4, 80, true);
INSERT INTO menu_consists_ingredients VALUES (16, 4, 18, true);
INSERT INTO menu_consists_ingredients VALUES (11, 5, 100, true);
INSERT INTO menu_consists_ingredients VALUES (17, 5, 150, true);
INSERT INTO menu_consists_ingredients VALUES (12, 5, 200, true);
INSERT INTO menu_consists_ingredients VALUES (10, 5, 200, true);
INSERT INTO menu_consists_ingredients VALUES (2, 5, 50, false);
INSERT INTO menu_consists_ingredients VALUES (1, 5, 185, false);
INSERT INTO menu_consists_ingredients VALUES (4, 5, 60, false);
INSERT INTO menu_consists_ingredients VALUES (18, 6, 18, true);
INSERT INTO menu_consists_ingredients VALUES (19, 6, 300, false);
INSERT INTO menu_consists_ingredients VALUES (18, 7, 20, true);
INSERT INTO menu_consists_ingredients VALUES (19, 7, 300, false);
INSERT INTO menu_consists_ingredients VALUES (1, 7, 50, true);
INSERT INTO menu_consists_ingredients VALUES (12, 8, 605, true);
INSERT INTO menu_consists_ingredients VALUES (15, 8, 66, false);
INSERT INTO menu_consists_ingredients VALUES (19, 8, 214, false);
INSERT INTO menu_consists_ingredients VALUES (1, 8, 120, false);
INSERT INTO menu_consists_ingredients VALUES (4, 8, 340, true);
INSERT INTO menu_consists_ingredients VALUES (2, 8, 50, true);

--------------------------------------------------

Insert into Employees Values(
	1,'Lyudvik','cashier',6,500.50,'2022-12-31'
);
Insert into Employees Values(
	2,'Mariam','cashier',7,500.50,'2021-12-31 23:59:59'
);
Insert into Employees Values(
	3,'Haykanush','cashier',8,500.50,'2020-12-31 23:59:59'
);
Insert into Employees Values(
	4,'Stepan','cashier',9,500.50,'2020-12-31 23:59:59'
);
Insert into Employees Values(
	5,'Nazeli','cashier',10,500.90,'2020-12-22 23:59:59'
);
Insert into Employees Values(
	6,'Ashot','cashier',11,500.50,'2021-12-6 23:59:59'
);
Insert into Employees Values(
	7,'Arpi','cashier',12,500.50,'2020-12-4 23:59:59'
);

Insert into Employees Values(
	8,'Hasmik','cashier',13,500.50,'2021-12-31 23:59:59'
);

Insert into Employees Values(
	9,'Meri','cashier',14,500.50,'2020-12-31 23:59:59'
);
Insert into Employees Values(
	10,'Saro','cashier',15,1100.90,'2020-12-22 23:59:59'
);
Insert into Employees Values(
	11,'Mari','cashier',16,500.50,'2020-12-31 23:59:59'
);
Insert into Employees Values(
	12,'Inna','cashier',17,500.50,'2020-12-4 23:59:59'
);
Insert into Employees Values(
	13,'Tatev','cashier',18,500.50,'2022-12-31'
);

Insert into Employees Values(
	14,'Garik','manager',1,1000.50,'2020-12-6 23:59:59'
);
Insert into Employees Values(
	15,'Lilit','manager',2,1000.50,'2020-12-11 23:59:59'
);
Insert into Employees Values(
	16,'Yeva','manager',3,1000.50,'2021-12-10 23:59:59'
);

Insert into Employees Values(
	17,'Robert','manager',4,1000.50,'2020-12-23 23:59:59'
);
Insert into Employees Values(
	18,'Maria','manager',5,1000.50,'2020-12-24 23:59:59'
);
Insert into Employees Values(
	19,'Ani','manager',6,1100.90,'2020-12-25 23:59:59'
);
Insert into Employees Values(
	20,'Svetlana','manager',7,1000.50,'2020-12-27 23:59:59'
);
Insert into Employees Values(
	21,'Lili','manager',8,1100.90,'2020-12-28 23:59:59'
);
Insert into Employees Values(
	22,'Natela','manager',9,1000.50,'2020-12-29 23:59:59'
);Insert into Employees Values(
	23,'Kamo','manager',10,1000.50,'2020-7-30 23:59:59'
);
Insert into Employees Values(
	24,'Elen','manager',11,1000.50,'2022-5-12'
);
Insert into Employees Values(
	25,'Rafael','manager',12,1000.50,'2020-12-5 23:59:59'
);
Insert into Employees Values(
	26,'Miqayel','manager',13,500.50,'2020-10-4 23:59:59'
);
Insert into Employees Values(
	27,'Areg','manager',14,1100.90,'2020-11-3 23:59:59'
);
Insert into Employees Values(
	28,'Siranush','manager',15,1000.50,'2020-12-30 23:59:59'
);
Insert into Employees Values(
	29,'Nvard','manager',16,1000.50,'2020-12-3 23:59:59'
);
Insert into Employees Values(
	30,'Irena','manager',17,1000.50,'2020-12-2 23:59:59'
);

Insert into Employees Values(
	31,'Anahit','manager',18,1000.50,'2020-12-1 23:59:59'
);

Insert into Employees Values(
	32,'Armenuhi','cashier',1,500.50,'2020-12-3 23:59:59'
);


Insert into Employees Values(
	33,'Hovhannes','cashier',3,500.50,'2020-12-31 23:59:59'
);
Insert into Employees Values(
	34,'Artur','cashier',4,500.50,'2021-12-6 23:59:59'
);
Insert into Employees Values(
	35,'Iren','cashier',5,500.50,'2020-12-4 23:59:59'
);
Insert into Employees Values(
	36,'Gexam','cashier',7,500.50,'2021-12-31 23:59:59'
);
Insert into Employees Values(
	37,'Valod','cashier',9,500.50,'2020-12-4 23:59:59'
);

Insert into Employees Values(
	38,'Alexsandr','cashier',10,800.50,'2021-12-6 23:59:59'
);

Insert into Employees Values(
	39,'Yana','cook',1,800.50,'2021-2-22 23:59:59'
);

Insert into Employees Values(
	40,'Elena','cook',2,800.50,'2021-4-5 23:59:59'
);
Insert into Employees Values(
	41,'Ofelya','cook',3,800.50,'2021-11-7 23:59:59'
);

Insert into Employees Values(
	42,'Nune','cook',4,800.50,'2021-12-16 23:59:59'
);
Insert into Employees Values(
	43,'Susik','cook',5,800.50,'2021-12-13 23:59:59'
);

Insert into Employees Values(
	44,'Albert','cook',6,800.50,'2021-12-12 23:59:59'
);
Insert into Employees Values(
	45,'Anna','cook',7,800.50,'2021-1-6 23:59:59'
);

Insert into Employees Values(
	46,'Avo','cook',8,800.50,'2021-2-6 23:59:59'
);

Insert into Employees Values(
	47,'Rafo','cook',9,800.50,'2021-3-6 23:59:59'
);
Insert into Employees Values(
	48,'Haykuhi','cook',10,800.50,'2021-4-6 23:59:59'
);

Insert into Employees Values(
	49,'Armine','cook',11,800.50,'2021-5-3 23:59:59'
);
Insert into Employees Values(
	50,'Artyom','cook',12,800.50,'2021-6-4 23:59:59'
);

Insert into Employees Values(
	51,'Arsen','cook',13,800.50,'2021-7-6 23:59:59'
);

Insert into Employees Values(
	52,'Arman','cook',14,800.50,'2021-8-3 23:59:59'
);
Insert into Employees Values(
	53,'Suren','cook',15,800.50,'2021-9-4 23:59:59'
);

Insert into Employees Values(
	54,'Alex','cook',16,800.50,'2021-10-5 23:59:59'
);
Insert into Employees Values(
	55,'Armen','cook',17,800.50,'2021-11-6 23:59:59'
);
Insert into Employees Values(
	56,'Narine','cook',18,800.50,'2021-12-6 23:59:59'
);

Insert into Employees Values(
	57,'Emil','cashier',5,500.50,'2020-12-4 23:59:59'
);

Insert into Employees Values(
	58,'Eznik','cashier',4,500.50,'2021-12-31 23:59:59'
);
Insert into Employees Values(
	59,'Vram','cashier',3,500.50,'2020-12-4 23:59:59'
);
Insert into Employees Values(
	60,'Ben','cashier',2,500.50,'2021-12-6 23:59:59'
);
Insert into Employees Values(
	61,'Hamazasp','cashier',1,500.50,'2020-12-31 23:59:59'
);

--------------------------------------------------

INSERT INTO suppliers_supplies_warehouse VALUES (1, 1, 6, 15, '2022-06-11');
INSERT INTO suppliers_supplies_warehouse VALUES (1, 3, 14, 30, '2022-05-29');
INSERT INTO suppliers_supplies_warehouse VALUES (1, 3, 12, 15, '2022-05-22');
INSERT INTO suppliers_supplies_warehouse VALUES (1, 7, 1, 30, '2022-06-07');
INSERT INTO suppliers_supplies_warehouse VALUES (2, 2, 8, 10, '2022-05-23');
INSERT INTO suppliers_supplies_warehouse VALUES (3, 8, 7, 5, '2022-05-23');
INSERT INTO suppliers_supplies_warehouse VALUES (3, 1, 8, 40, '2022-06-03');
INSERT INTO suppliers_supplies_warehouse VALUES (3, 7, 13, 20, '2022-06-29');
INSERT INTO suppliers_supplies_warehouse VALUES (4, 5, 3, 15, '2022-06-21');
INSERT INTO suppliers_supplies_warehouse VALUES (4, 1, 1, 25, '2022-05-27');
INSERT INTO suppliers_supplies_warehouse VALUES (4, 4, 5, 15, '2022-06-07');
INSERT INTO suppliers_supplies_warehouse VALUES (4, 3, 15, 35, '2022-06-26');
INSERT INTO suppliers_supplies_warehouse VALUES (5, 8, 17, 15, '2022-05-22');
INSERT INTO suppliers_supplies_warehouse VALUES (5, 2, 4, 10, '2022-07-01');
INSERT INTO suppliers_supplies_warehouse VALUES (5, 3, 8, 5, '2022-06-13');
INSERT INTO suppliers_supplies_warehouse VALUES (5, 4, 6, 35, '2022-06-05');
INSERT INTO suppliers_supplies_warehouse VALUES (6, 3, 11, 5, '2022-06-30');
INSERT INTO suppliers_supplies_warehouse VALUES (6, 6, 16, 20, '2022-06-15');
INSERT INTO suppliers_supplies_warehouse VALUES (6, 2, 15, 10, '2022-05-27');
INSERT INTO suppliers_supplies_warehouse VALUES (6, 1, 14, 5, '2022-05-27');
INSERT INTO suppliers_supplies_warehouse VALUES (7, 1, 10, 5, '2022-06-20');
INSERT INTO suppliers_supplies_warehouse VALUES (7, 8, 16, 40, '2022-06-19');
INSERT INTO suppliers_supplies_warehouse VALUES (7, 4, 17, 40, '2022-06-08');
INSERT INTO suppliers_supplies_warehouse VALUES (7, 1, 8, 10, '2022-06-08');
INSERT INTO suppliers_supplies_warehouse VALUES (7, 2, 12, 25, '2022-06-05');
INSERT INTO suppliers_supplies_warehouse VALUES (7, 6, 7, 15, '2022-06-07');
INSERT INTO suppliers_supplies_warehouse VALUES (7, 2, 17, 40, '2022-05-23');
INSERT INTO suppliers_supplies_warehouse VALUES (7, 1, 15, 40, '2022-05-29');
INSERT INTO suppliers_supplies_warehouse VALUES (8, 7, 8, 15, '2022-06-09');
INSERT INTO suppliers_supplies_warehouse VALUES (8, 1, 11, 10, '2022-06-07');
INSERT INTO suppliers_supplies_warehouse VALUES (8, 7, 1, 15, '2022-06-26');
INSERT INTO suppliers_supplies_warehouse VALUES (9, 3, 9, 30, '2022-06-19');
INSERT INTO suppliers_supplies_warehouse VALUES (10, 8, 1, 40, '2022-06-09');
INSERT INTO suppliers_supplies_warehouse VALUES (10, 1, 11, 20, '2022-06-13');
INSERT INTO suppliers_supplies_warehouse VALUES (10, 4, 7, 15, '2022-05-26');
INSERT INTO suppliers_supplies_warehouse VALUES (11, 8, 13, 35, '2022-06-09');
INSERT INTO suppliers_supplies_warehouse VALUES (11, 3, 16, 30, '2022-06-03');
INSERT INTO suppliers_supplies_warehouse VALUES (11, 1, 10, 5, '2022-06-04');
INSERT INTO suppliers_supplies_warehouse VALUES (12, 4, 6, 35, '2022-05-23');
INSERT INTO suppliers_supplies_warehouse VALUES (12, 5, 3, 30, '2022-06-13');

--------------------------------------------------

INSERT INTO warehouse_stores_ingredients VALUES ( 5 , 9 , 227 );
INSERT INTO warehouse_stores_ingredients VALUES ( 6 , 11 , 156 );
INSERT INTO warehouse_stores_ingredients VALUES ( 10 , 11 , 400 );
INSERT INTO warehouse_stores_ingredients VALUES ( 1 , 15 , 62 );
INSERT INTO warehouse_stores_ingredients VALUES ( 9 , 1 , 158 );
INSERT INTO warehouse_stores_ingredients VALUES ( 6 , 17 , 183 );
INSERT INTO warehouse_stores_ingredients VALUES ( 4 , 1 , 123 );
INSERT INTO warehouse_stores_ingredients VALUES ( 6 , 2 , 355 );
INSERT INTO warehouse_stores_ingredients VALUES ( 9 , 6 , 90 );
INSERT INTO warehouse_stores_ingredients VALUES ( 4 , 18 , 128 );
INSERT INTO warehouse_stores_ingredients VALUES ( 2 , 9 , 63 );
INSERT INTO warehouse_stores_ingredients VALUES ( 4 , 11 , 189 );
INSERT INTO warehouse_stores_ingredients VALUES ( 3 , 6 , 75 );
INSERT INTO warehouse_stores_ingredients VALUES ( 6 , 1 , 360 );
INSERT INTO warehouse_stores_ingredients VALUES ( 9 , 10 , 357 );
INSERT INTO warehouse_stores_ingredients VALUES ( 7 , 13 , 123 );
INSERT INTO warehouse_stores_ingredients VALUES ( 8 , 3 , 395 );
INSERT INTO warehouse_stores_ingredients VALUES ( 7 , 15 , 321 );
INSERT INTO warehouse_stores_ingredients VALUES ( 3 , 15 , 100 );
INSERT INTO warehouse_stores_ingredients VALUES ( 3 , 2 , 220 );
INSERT INTO warehouse_stores_ingredients VALUES ( 8 , 9 , 366 );
INSERT INTO warehouse_stores_ingredients VALUES ( 6 , 19 , 254 );
INSERT INTO warehouse_stores_ingredients VALUES ( 1 , 14 , 223 );
INSERT INTO warehouse_stores_ingredients VALUES ( 8 , 2 , 281 );
INSERT INTO warehouse_stores_ingredients VALUES ( 10 , 13 , 259 );
INSERT INTO warehouse_stores_ingredients VALUES ( 7 , 3 , 252 );
INSERT INTO warehouse_stores_ingredients VALUES ( 7 , 14 , 81 );
INSERT INTO warehouse_stores_ingredients VALUES ( 1 , 1 , 119 );
INSERT INTO warehouse_stores_ingredients VALUES ( 2 , 15 , 217 );
INSERT INTO warehouse_stores_ingredients VALUES ( 10 , 12 , 235 );
INSERT INTO warehouse_stores_ingredients VALUES ( 3 , 12 , 161 );
INSERT INTO warehouse_stores_ingredients VALUES ( 3 , 1 , 257 );
INSERT INTO warehouse_stores_ingredients VALUES ( 10 , 7 , 296 );
INSERT INTO warehouse_stores_ingredients VALUES ( 5 , 10 , 163 );
INSERT INTO warehouse_stores_ingredients VALUES ( 1 , 2 , 226 );
INSERT INTO warehouse_stores_ingredients VALUES ( 6 , 5 , 266 );
INSERT INTO warehouse_stores_ingredients VALUES ( 3 , 13 , 314 );
INSERT INTO warehouse_stores_ingredients VALUES ( 2 , 18 , 182 );
INSERT INTO warehouse_stores_ingredients VALUES ( 4 , 19 , 224 );
INSERT INTO warehouse_stores_ingredients VALUES ( 2 , 1 , 395 );
INSERT INTO warehouse_stores_ingredients VALUES ( 6 , 16 , 325 );
INSERT INTO warehouse_stores_ingredients VALUES ( 9 , 19 , 298 );
INSERT INTO warehouse_stores_ingredients VALUES ( 1 , 11 , 349 );
INSERT INTO warehouse_stores_ingredients VALUES ( 4 , 17 , 315 );
INSERT INTO warehouse_stores_ingredients VALUES ( 10 , 10 , 165 );

--------------------------------------------------

Insert Into Orders(order_id,cashier_id,consumer_id,branch_id) Values(
	1,3,26,8
);
Insert Into Orders(order_id,cashier_id,consumer_id,branch_id) Values(
	2,2,6,7
);
Insert Into Orders(order_id,cashier_id,consumer_id,branch_id)Values(
	3,1,2,6
);
Insert Into Orders(order_id,cashier_id,consumer_id,branch_id) Values(
	4,4,3,9
);
Insert Into Orders(order_id,cashier_id,consumer_id,branch_id) Values(
	5,6,1,11
);
Insert Into Orders(order_id,cashier_id,consumer_id,branch_id) Values(
	6,8,3,13
);
Insert Into Orders(order_id,cashier_id,consumer_id,branch_id) Values(
	7,10,4,15
);
Insert Into Orders(order_id,cashier_id,consumer_id,branch_id) Values(
	8,18,17,5
);
Insert Into Orders(order_id,cashier_id,consumer_id,branch_id) Values(
	9,17,22,4
);
Insert Into Orders(order_id,cashier_id,consumer_id,branch_id) Values(
	10,6,31,11
);

Insert Into Orders(order_id,cashier_id,consumer_id,branch_id) Values(
	11,8,40,13
);
Insert Into Orders(order_id,cashier_id,consumer_id,branch_id) Values(
	12,9,14,14
);
Insert Into Orders(order_id,cashier_id,consumer_id,branch_id) Values(
	13,11,21,16

);
Insert Into Orders(order_id,cashier_id,consumer_id,branch_id) Values(
	14,13,32,18
);
Insert Into Orders(order_id,cashier_id,consumer_id,branch_id) Values(
	15,11,11,16
);
Insert Into Orders(order_id,cashier_id,consumer_id,branch_id) Values(
	16,4,13,9
);
Insert Into Orders(order_id,cashier_id,consumer_id,branch_id) Values(
	17,7,35,12
);
Insert Into Orders(order_id,cashier_id,consumer_id,branch_id) Values(
	18,7,21,12
);
Insert Into Orders(order_id,cashier_id,consumer_id,branch_id) Values(
	19,5,39,10
);
Insert Into Orders(order_id,cashier_id,consumer_id,branch_id) Values(
	20,14,40,1
);

Insert Into Orders(order_id,cashier_id,consumer_id,branch_id) Values(
	21,44,40,6
);
Insert Into Orders(order_id,cashier_id,consumer_id,branch_id) Values(
	22,42,36,4
);
Insert Into Orders(order_id,cashier_id,consumer_id,branch_id) Values(
	23,45,12,7
);
Insert Into Orders(order_id,cashier_id,consumer_id,branch_id) Values(
	24,9,13,14
);
Insert Into Orders(order_id,cashier_id,consumer_id,branch_id) Values(
	25,9,21,14
);
Insert Into Orders(order_id,cashier_id,consumer_id,branch_id) Values(
	26,9,33,14
);
Insert Into Orders(order_id,cashier_id,consumer_id,branch_id) Values(
	27,19,9,6
);
Insert Into Orders(order_id,cashier_id,consumer_id,branch_id) Values(
	28,18,39,5
);
Insert Into Orders(order_id,cashier_id,consumer_id,branch_id) Values(
	29,1,22,6
);
Insert Into Orders(order_id,cashier_id,consumer_id,branch_id) Values(
	30,53,5,15
);

Insert Into Orders(order_id,cashier_id,consumer_id,branch_id) Values(
	31,3,26,8
);
Insert Into Orders(order_id,cashier_id,consumer_id,branch_id) Values(
	32,2,6,7
);
Insert Into Orders(order_id,cashier_id,consumer_id,branch_id) Values(
	33,1,2,6
);
Insert Into Orders(order_id,cashier_id,consumer_id,branch_id) Values(
	34,4,3,9
);
Insert Into Orders(order_id,cashier_id,consumer_id,branch_id) Values(
	35,6,1,11
);
Insert Into Orders(order_id,cashier_id,consumer_id,branch_id) Values(
	36,8,3,13
);
Insert Into Orders(order_id,cashier_id,consumer_id,branch_id) Values(
	37,10,4,15
);
Insert Into Orders(order_id,cashier_id,consumer_id,branch_id) Values(
	38,18,5,5
);
Insert Into Orders(order_id,cashier_id,consumer_id,branch_id) Values(
	39,17,22,4
);
Insert Into Orders(order_id,cashier_id,consumer_id,branch_id) Values(
	40,6,31,11
);

Insert Into Orders(order_id,cashier_id,consumer_id,branch_id) Values(
	41,8,40,13
);
Insert Into Orders(order_id,cashier_id,consumer_id,branch_id) Values(
	42,32,14,1
);
Insert Into Orders(order_id,cashier_id,consumer_id,branch_id) Values(
	43,25,21,12
);
Insert Into Orders(order_id,cashier_id,consumer_id,branch_id) Values(
	44,48,32,10
);
Insert Into Orders(order_id,cashier_id,consumer_id,branch_id) Values(
	45,57,11,5
);
Insert Into Orders(order_id,cashier_id,consumer_id,branch_id) Values(
	46,45,13,7
);
Insert Into Orders(order_id,cashier_id,consumer_id,branch_id) Values(
	47,60,35,2
);
Insert Into Orders(order_id,cashier_id,consumer_id,branch_id) Values(
	48,3,21,8
);
Insert Into Orders(order_id,cashier_id,consumer_id,branch_id) Values(
	49,2,39,7
);
Insert Into Orders(order_id,cashier_id,consumer_id,branch_id) Values(
	50,1,40,6
);
Insert Into Orders(order_id,cashier_id,consumer_id,branch_id) Values(
	51,3,26,8
);
Insert Into Orders(order_id,cashier_id,consumer_id,branch_id) Values(
	52,2,6,7
);
Insert Into Orders(order_id,cashier_id,consumer_id,branch_id) Values(
	53,1,2,6
);
Insert Into Orders(order_id,cashier_id,consumer_id,branch_id) Values(
	54,4,3,9
);
Insert Into Orders(order_id,cashier_id,consumer_id,branch_id) Values(
	55,6,1,11
);
Insert Into Orders(order_id,cashier_id,consumer_id,branch_id) Values(
	56,58,3,4
);
Insert Into Orders(order_id,cashier_id,consumer_id,branch_id) Values(
	57,10,4,15
);
Insert Into Orders(order_id,cashier_id,consumer_id,branch_id) Values(
	58,18,17,5
);
Insert Into Orders(order_id,cashier_id,consumer_id,branch_id) Values(
	59,17,22,4
);
Insert Into Orders(order_id,cashier_id,consumer_id,branch_id) Values(
	60,6,31,11
);

Insert Into Orders(order_id,cashier_id,consumer_id,branch_id) Values(
	61,8,40,13
);
Insert Into Orders(order_id,cashier_id,consumer_id,branch_id) Values(
	62,9,14,14
);
Insert Into Orders(order_id,cashier_id,consumer_id,branch_id) Values(
	63,1,21,6
);
Insert Into Orders(order_id,cashier_id,consumer_id,branch_id) Values(
	64,13,32,18
);
Insert Into Orders(order_id,cashier_id,consumer_id,branch_id) Values(
	65,11,11,16
);
Insert Into Orders(order_id,cashier_id,consumer_id,branch_id) Values(
	66,41,13,3
);
Insert Into Orders(order_id,cashier_id,consumer_id,branch_id) Values(
	67,47,35,9
);
Insert Into Orders(order_id,cashier_id,consumer_id,branch_id) Values(
	68,27,21,14
);
Insert Into Orders(order_id,cashier_id,consumer_id,branch_id) Values(
	69,5,39,10
);
Insert Into Orders(order_id,cashier_id,consumer_id,branch_id) Values(
	70,1,40,6
);


Insert Into Orders(order_id,cashier_id,consumer_id,branch_id) Values(
	71,3,26,8
);
Insert Into Orders(order_id,cashier_id,consumer_id,branch_id) Values(
	72,18,6,5
);
Insert Into Orders(order_id,cashier_id,consumer_id,branch_id) Values(
	73,37,2,9
);
Insert Into Orders(order_id,cashier_id,consumer_id,branch_id) Values(
	74,14,3,1
);
Insert Into Orders(order_id,cashier_id,consumer_id,branch_id) Values(
	75,6,1,11
);
Insert Into Orders(order_id,cashier_id,consumer_id,branch_id) Values(
	76,8,3,13
);
Insert Into Orders(order_id,cashier_id,consumer_id,branch_id) Values(
	77,17,4,4
);

Insert Into Orders(order_id,cashier_id,consumer_id,branch_id) Values(
	78,18,17,5
);
Insert Into Orders(order_id,cashier_id,consumer_id,branch_id) Values(
	79,17,22,4
);
Insert Into Orders(order_id,cashier_id,consumer_id,branch_id) Values(
	80,6,31,11
);

Insert Into Orders(order_id,cashier_id,consumer_id,branch_id) Values(
	81,8,40,13
);
Insert Into Orders(order_id,cashier_id,consumer_id,branch_id) Values(
	82,32,14,1
);
Insert Into Orders(order_id,cashier_id,consumer_id,branch_id) Values(
	83,25,21,12
);
Insert Into Orders(order_id,cashier_id,consumer_id,branch_id) Values(
	84,48,32,10
);
Insert Into Orders(order_id,cashier_id,consumer_id,branch_id) Values(
	85,57,11,5
);
Insert Into Orders(order_id,cashier_id,consumer_id,branch_id) Values(
	86,45,13,7
);
Insert Into Orders(order_id,cashier_id,consumer_id,branch_id) Values(
	87,60,35,2
);
Insert Into Orders(order_id,cashier_id,consumer_id,branch_id) Values(
	88,3,21,8
);
Insert Into Orders(order_id,cashier_id,consumer_id,branch_id) Values(
	89,2,39,7
);
Insert Into Orders(order_id,cashier_id,consumer_id,branch_id) Values(
	90,1,40,6
);


--------------------------------------------------


INSERT INTO order_items VALUES ( 4 , 1 , 4 );
INSERT INTO order_items VALUES ( 8 , 2 , 2 );
INSERT INTO order_items VALUES ( 3 , 2 , 3 );
INSERT INTO order_items VALUES ( 6 , 2 , 3 );
INSERT INTO order_items VALUES ( 8 , 3 , 4 );
INSERT INTO order_items VALUES ( 3 , 3 , 3 );
INSERT INTO order_items VALUES ( 5 , 3 , 5 );
INSERT INTO order_items VALUES ( 4 , 3 , 2 );
INSERT INTO order_items VALUES ( 6 , 4 , 4 );
INSERT INTO order_items VALUES ( 3 , 4 , 2 );
INSERT INTO order_items VALUES ( 8 , 5 , 5 );
INSERT INTO order_items VALUES ( 5 , 5 , 1 );
INSERT INTO order_items VALUES ( 6 , 5 , 2 );
INSERT INTO order_items VALUES ( 1 , 5 , 2 );
INSERT INTO order_items VALUES ( 5 , 6 , 1 );
INSERT INTO order_items VALUES ( 4 , 6 , 2 );
INSERT INTO order_items VALUES ( 1 , 6 , 5 );
INSERT INTO order_items VALUES ( 2 , 7 , 3 );
INSERT INTO order_items VALUES ( 4 , 7 , 2 );
INSERT INTO order_items VALUES ( 5 , 8 , 5 );
INSERT INTO order_items VALUES ( 6 , 8 , 1 );
INSERT INTO order_items VALUES ( 7 , 8 , 1 );
INSERT INTO order_items VALUES ( 8 , 9 , 1 );
INSERT INTO order_items VALUES ( 8 , 10 , 3 );
INSERT INTO order_items VALUES ( 8 , 11 , 4 );
INSERT INTO order_items VALUES ( 3 , 12 , 1 );
INSERT INTO order_items VALUES ( 7 , 12 , 2 );
INSERT INTO order_items VALUES ( 5 , 12 , 2 );
INSERT INTO order_items VALUES ( 2 , 12 , 1 );
INSERT INTO order_items VALUES ( 1 , 13 , 5 );
INSERT INTO order_items VALUES ( 7 , 13 , 4 );
INSERT INTO order_items VALUES ( 5 , 14 , 3 );
INSERT INTO order_items VALUES ( 8 , 14 , 1 );
INSERT INTO order_items VALUES ( 7 , 14 , 3 );
INSERT INTO order_items VALUES ( 1 , 15 , 2 );
INSERT INTO order_items VALUES ( 3 , 15 , 2 );
INSERT INTO order_items VALUES ( 4 , 16 , 2 );
INSERT INTO order_items VALUES ( 6 , 16 , 5 );
INSERT INTO order_items VALUES ( 2 , 16 , 1 );
INSERT INTO order_items VALUES ( 3 , 17 , 4 );
INSERT INTO order_items VALUES ( 8 , 17 , 5 );
INSERT INTO order_items VALUES ( 2 , 18 , 1 );
INSERT INTO order_items VALUES ( 6 , 19 , 4 );
INSERT INTO order_items VALUES ( 2 , 20 , 1 );
INSERT INTO order_items VALUES ( 6 , 20 , 4 );
INSERT INTO order_items VALUES ( 3 , 21 , 3 );
INSERT INTO order_items VALUES ( 8 , 21 , 2 );
INSERT INTO order_items VALUES ( 2 , 21 , 2 );
INSERT INTO order_items VALUES ( 8 , 22 , 1 );
INSERT INTO order_items VALUES ( 6 , 22 , 5 );
INSERT INTO order_items VALUES ( 4 , 23 , 3 );
INSERT INTO order_items VALUES ( 7 , 23 , 4 );
INSERT INTO order_items VALUES ( 5 , 23 , 3 );
INSERT INTO order_items VALUES ( 3 , 24 , 2 );
INSERT INTO order_items VALUES ( 6 , 24 , 5 );
INSERT INTO order_items VALUES ( 6 , 25 , 2 );
INSERT INTO order_items VALUES ( 4 , 26 , 2 );
INSERT INTO order_items VALUES ( 2 , 26 , 2 );
INSERT INTO order_items VALUES ( 1 , 27 , 4 );
INSERT INTO order_items VALUES ( 6 , 27 , 4 );
INSERT INTO order_items VALUES ( 4 , 28 , 3 );
INSERT INTO order_items VALUES ( 1 , 29 , 4 );
INSERT INTO order_items VALUES ( 8 , 29 , 3 );
INSERT INTO order_items VALUES ( 2 , 29 , 4 );
INSERT INTO order_items VALUES ( 2 , 30 , 4 );
INSERT INTO order_items VALUES ( 6 , 31 , 3 );
INSERT INTO order_items VALUES ( 2 , 31 , 5 );
INSERT INTO order_items VALUES ( 1 , 31 , 2 );
INSERT INTO order_items VALUES ( 8 , 31 , 1 );
INSERT INTO order_items VALUES ( 4 , 32 , 2 );
INSERT INTO order_items VALUES ( 7 , 32 , 3 );
INSERT INTO order_items VALUES ( 7 , 33 , 5 );
INSERT INTO order_items VALUES ( 1 , 34 , 1 );
INSERT INTO order_items VALUES ( 5 , 34 , 5 );
INSERT INTO order_items VALUES ( 4 , 35 , 4 );
INSERT INTO order_items VALUES ( 8 , 35 , 1 );
INSERT INTO order_items VALUES ( 8 , 36 , 3 );
INSERT INTO order_items VALUES ( 7 , 37 , 2 );
INSERT INTO order_items VALUES ( 2 , 38 , 5 );
INSERT INTO order_items VALUES ( 3 , 39 , 4 );
INSERT INTO order_items VALUES ( 5 , 39 , 1 );
INSERT INTO order_items VALUES ( 2 , 40 , 4 );
INSERT INTO order_items VALUES ( 1 , 40 , 3 );
INSERT INTO order_items VALUES ( 5 , 40 , 1 );
INSERT INTO order_items VALUES ( 6 , 41 , 4 );
INSERT INTO order_items VALUES ( 7 , 42 , 2 );
INSERT INTO order_items VALUES ( 1 , 42 , 4 );
INSERT INTO order_items VALUES ( 3 , 42 , 1 );
INSERT INTO order_items VALUES ( 5 , 43 , 2 );
INSERT INTO order_items VALUES ( 1 , 43 , 1 );
INSERT INTO order_items VALUES ( 8 , 43 , 2 );
INSERT INTO order_items VALUES ( 1 , 44 , 2 );
INSERT INTO order_items VALUES ( 4 , 44 , 2 );
INSERT INTO order_items VALUES ( 3 , 45 , 1 );
INSERT INTO order_items VALUES ( 7 , 46 , 2 );
INSERT INTO order_items VALUES ( 6 , 46 , 1 );
INSERT INTO order_items VALUES ( 4 , 46 , 5 );
INSERT INTO order_items VALUES ( 3 , 46 , 5 );
INSERT INTO order_items VALUES ( 7 , 47 , 4 );
INSERT INTO order_items VALUES ( 5 , 47 , 4 );
INSERT INTO order_items VALUES ( 4 , 47 , 2 );
INSERT INTO order_items VALUES ( 5 , 48 , 2 );
INSERT INTO order_items VALUES ( 1 , 48 , 5 );
INSERT INTO order_items VALUES ( 8 , 49 , 4 );
INSERT INTO order_items VALUES ( 1 , 49 , 3 );
INSERT INTO order_items VALUES ( 1 , 50 , 4 );
INSERT INTO order_items VALUES ( 4 , 50 , 2 );
INSERT INTO order_items VALUES ( 5 , 51 , 3 );
INSERT INTO order_items VALUES ( 3 , 51 , 2 );
INSERT INTO order_items VALUES ( 4 , 51 , 3 );
INSERT INTO order_items VALUES ( 1 , 51 , 5 );
INSERT INTO order_items VALUES ( 2 , 52 , 2 );
INSERT INTO order_items VALUES ( 8 , 53 , 3 );
INSERT INTO order_items VALUES ( 6 , 53 , 4 );
INSERT INTO order_items VALUES ( 5 , 54 , 4 );
INSERT INTO order_items VALUES ( 7 , 54 , 2 );
INSERT INTO order_items VALUES ( 8 , 55 , 3 );
INSERT INTO order_items VALUES ( 7 , 55 , 1 );
INSERT INTO order_items VALUES ( 3 , 55 , 5 );
INSERT INTO order_items VALUES ( 2 , 55 , 2 );
INSERT INTO order_items VALUES ( 4 , 56 , 3 );
INSERT INTO order_items VALUES ( 2 , 56 , 1 );
INSERT INTO order_items VALUES ( 5 , 57 , 2 );
INSERT INTO order_items VALUES ( 1 , 58 , 1 );
INSERT INTO order_items VALUES ( 7 , 58 , 3 );
INSERT INTO order_items VALUES ( 3 , 58 , 3 );
INSERT INTO order_items VALUES ( 6 , 58 , 2 );
INSERT INTO order_items VALUES ( 3 , 59 , 1 );
INSERT INTO order_items VALUES ( 8 , 60 , 5 );
INSERT INTO order_items VALUES ( 5 , 60 , 3 );
INSERT INTO order_items VALUES ( 1 , 60 , 1 );
INSERT INTO order_items VALUES ( 6 , 61 , 4 );
INSERT INTO order_items VALUES ( 5 , 61 , 2 );
INSERT INTO order_items VALUES ( 6 , 62 , 1 );
INSERT INTO order_items VALUES ( 2 , 62 , 4 );
INSERT INTO order_items VALUES ( 8 , 62 , 1 );
INSERT INTO order_items VALUES ( 5 , 63 , 2 );
INSERT INTO order_items VALUES ( 3 , 63 , 2 );
INSERT INTO order_items VALUES ( 3 , 64 , 4 );
INSERT INTO order_items VALUES ( 5 , 64 , 3 );
INSERT INTO order_items VALUES ( 2 , 64 , 4 );
INSERT INTO order_items VALUES ( 4 , 65 , 3 );
INSERT INTO order_items VALUES ( 8 , 65 , 4 );
INSERT INTO order_items VALUES ( 3 , 65 , 3 );
INSERT INTO order_items VALUES ( 7 , 66 , 1 );
INSERT INTO order_items VALUES ( 4 , 67 , 1 );
INSERT INTO order_items VALUES ( 7 , 67 , 4 );
INSERT INTO order_items VALUES ( 8 , 68 , 2 );
INSERT INTO order_items VALUES ( 8 , 69 , 2 );
INSERT INTO order_items VALUES ( 3 , 69 , 5 );
INSERT INTO order_items VALUES ( 6 , 69 , 1 );
INSERT INTO order_items VALUES ( 1 , 70 , 2 );
INSERT INTO order_items VALUES ( 2 , 70 , 2 );
INSERT INTO order_items VALUES ( 3 , 71 , 1 );
INSERT INTO order_items VALUES ( 1 , 71 , 1 );
INSERT INTO order_items VALUES ( 5 , 72 , 2 );
INSERT INTO order_items VALUES ( 6 , 72 , 5 );
INSERT INTO order_items VALUES ( 8 , 73 , 4 );
INSERT INTO order_items VALUES ( 2 , 73 , 4 );
INSERT INTO order_items VALUES ( 6 , 74 , 4 );
INSERT INTO order_items VALUES ( 4 , 74 , 1 );
INSERT INTO order_items VALUES ( 8 , 74 , 1 );
INSERT INTO order_items VALUES ( 5 , 75 , 1 );
INSERT INTO order_items VALUES ( 4 , 76 , 4 );
INSERT INTO order_items VALUES ( 6 , 76 , 4 );
INSERT INTO order_items VALUES ( 3 , 77 , 3 );
INSERT INTO order_items VALUES ( 4 , 77 , 5 );
INSERT INTO order_items VALUES ( 2 , 77 , 1 );
INSERT INTO order_items VALUES ( 3 , 78 , 2 );
INSERT INTO order_items VALUES ( 7 , 78 , 3 );
INSERT INTO order_items VALUES ( 8 , 79 , 1 );
INSERT INTO order_items VALUES ( 1 , 79 , 1 );
INSERT INTO order_items VALUES ( 6 , 80 , 5 );
INSERT INTO order_items VALUES ( 8 , 80 , 3 );
INSERT INTO order_items VALUES ( 7 , 81 , 3 );
INSERT INTO order_items VALUES ( 4 , 81 , 3 );
INSERT INTO order_items VALUES ( 5 , 82 , 3 );
INSERT INTO order_items VALUES ( 7 , 82 , 2 );
INSERT INTO order_items VALUES ( 4 , 82 , 3 );
INSERT INTO order_items VALUES ( 7 , 83 , 5 );
INSERT INTO order_items VALUES ( 2 , 83 , 1 );
INSERT INTO order_items VALUES ( 1 , 84 , 2 );
INSERT INTO order_items VALUES ( 2 , 84 , 5 );
INSERT INTO order_items VALUES ( 4 , 84 , 5 );
INSERT INTO order_items VALUES ( 8 , 84 , 4 );
INSERT INTO order_items VALUES ( 4 , 85 , 5 );
INSERT INTO order_items VALUES ( 7 , 85 , 1 );
INSERT INTO order_items VALUES ( 5 , 85 , 2 );
INSERT INTO order_items VALUES ( 8 , 86 , 4 );
INSERT INTO order_items VALUES ( 7 , 86 , 1 );
INSERT INTO order_items VALUES ( 2 , 86 , 2 );
INSERT INTO order_items VALUES ( 5 , 87 , 4 );
INSERT INTO order_items VALUES ( 4 , 87 , 1 );
INSERT INTO order_items VALUES ( 6 , 87 , 1 );
INSERT INTO order_items VALUES ( 1 , 87 , 1 );
INSERT INTO order_items VALUES ( 8 , 88 , 3 );
INSERT INTO order_items VALUES ( 1 , 89 , 3 );
INSERT INTO order_items VALUES ( 8 , 89 , 3 );
INSERT INTO order_items VALUES ( 5 , 89 , 5 );
INSERT INTO order_items VALUES ( 7 , 89 , 3 );
INSERT INTO order_items VALUES ( 5 , 90 , 4 );
INSERT INTO order_items VALUES ( 4 , 90 , 1 );



WITH rr AS(
  select generate_series(1,91)::integer as iid, (CURRENT_TIMESTAMP(0)::timestamp + CONCAT(generate_series(1, 91), ' hour')::interval - CONCAT(generate_series(9, 99), ' day')::interval)::timestamp as ord
) UPDATE orders SET order_timestamp = rr.ord FROM rr WHERE rr.iid = orders.order_id;